entry_id,pretty_formula
mp-1000,BaTe
mp-1001835,LiB
mp-1007691,HfPt
mp-1007786,HfIr
mp-1014229,Ti2Zn
mp-1014265,Zr2N
mp-10181,LiSiNi2
mp-1018124,Ti2Rh
mp-1018766,Li3LaAs2
mp-1018768,Li3LaBi2
mp-1018783,LiBeB
mp-1020016,Li4Ca2Mg(SiN3)2
mp-1020031,LiCaAlN2
mp-1021323,LiC12
mp-1025402,SrCu
mp-1025489,SmSi
mp-1029498,Li6CrN4
mp-1029592,Li3YN2
mp-103,Hf
mp-1045,Nd2O3
mp-10485,BaLiSb
mp-1056,Tb2O3
mp-1057315,Eu
mp-1059256,Pr
mp-1065995,ZrPt
mp-1066975,TmSi
mp-1067248,TiNi
mp-10688,CeO
mp-1071848,Pr2Sb
mp-1072399,Be5Pt
mp-10740,Pa
mp-1077063,La2Bi
mp-1077154,SmCu2
mp-1077790,NbFe2
mp-1078585,GdAl
mp-1078961,LiTbGe
mp-1079394,LiDyGe
mp-1079399,V3Fe
mp-1079438,Ta2N
mp-1079585,Nb2N
mp-1079796,Ti3Pd
mp-1079937,Pr3Si2
mp-1080443,YCu
mp-1080525,FeB
mp-1087,SrS
mp-1087479,CrCo3
mp-1095265,LiYbBi
mp-1095274,LiYbAs
mp-1095289,LiCaAs
mp-1095352,LiEuAs
mp-1095371,LiYbSb
mp-1095380,LiEuBi
mp-1095425,LiEuSb
mp-1095545,ZrTc2
mp-1095642,Eu2Ge
mp-10961,La5Si3
mp-10970,LiErO2
mp-1097065,Li2HfN2
mp-1097959,LiEu4(BN2)3
mp-1101816,Lu2Au
mp-1101953,HoOs2
mp-1101970,TbRu2
mp-1101989,SrLiAs
mp-1102,LuN
mp-1102043,LaOs2
mp-1102217,NdRu2
mp-1102438,SmRu2
mp-1102508,DyOs2
mp-1103395,La2Au
mp-1103979,Nd5Ru2
mp-1103990,EuC6
mp-1104121,Li2La2Si3
mp-1104159,Sm5Ru2
mp-1104160,Pr5Ir2
mp-1104303,La3Ir2
mp-1104396,La5Ir2
mp-1104417,La5Ru2
mp-1104500,Sm5Ir2
mp-1104605,Nd5Ir2
mp-1104693,LiCa2HC3
mp-1104937,Pr5Ru2
mp-1105563,GdB4
mp-1105615,Dy3Ir
mp-1105741,Pr3Ru
mp-1105841,Dy3Ru
mp-1105962,La5Bi3
mp-1105989,Lu5Ge3
mp-1106276,Tb3Ir
mp-1106300,Nd3Ru
mp-1106373,Sm5Si3
mp-1106395,Pr3Ir
mp-1107,Th7Rh3
mp-112,Y
mp-11219,LuB2
mp-1129,ScIr
mp-113,Tc
mp-11363,TbCu5
mp-1138,LiF
mp-11420,YGa
mp-11452,HfOs
mp-11454,Hf2Pd
mp-11457,HfRh
mp-11476,HoIr
mp-11483,TmIr
mp-11495,LuRu
mp-11501,MnNi3
mp-11512,LiAl2Ir
mp-1153,Li2S
mp-11534,Np
mp-11541,ZrOs
mp-11544,Yb2Pb
mp-11564,TmRh
mp-11649,Ca3SiO
mp-11698,Tb
mp-1183069,Ac
mp-1183837,Co3Ni
mp-1184,La2C3
mp-1184067,Dy
mp-1184151,Cs
mp-1184479,Gd3In
mp-1184905,K
mp-1185233,Li2YIn
mp-1185267,LiNpRu2
mp-1185270,LiNpRh2
mp-1185319,LiCl
mp-1185329,LiAcRh2
mp-1185354,LiGd2Os
mp-1185392,LiGd2Al
mp-1185394,LiGd2Ga
mp-11854,Er5Ge3
mp-1185421,LiZnNi2
mp-1185462,LiThRh2
mp-1185609,LiGd2Rh
mp-1185970,Mn3Co
mp-1186055,Na
mp-1186231,NbIr3
mp-1186899,Rb
mp-1186901,Re
mp-1187196,Ta3Ir
mp-1187695,V3Cr
mp-1187696,VCr3
mp-1187702,VW3
mp-1188125,Sm3Ru
mp-1188283,V8N
mp-1188310,Tm5Ge3
mp-1188344,CsLiCl2
mp-1188413,Zr3Rh
mp-1188469,La5Ge3
mp-1188506,La3Ir
mp-1188656,Nd3Os
mp-1188757,Y3Os
mp-1188800,Sc3P
mp-1189033,Tb3Ru
mp-1189298,YbB4
mp-1189686,Nd3Ir
mp-1189863,Tm5Si3
mp-1189887,Dy3Os
mp-1189967,Pr3Os
mp-1190011,Ho3Os
mp-1190029,Sm3Os
mp-1190061,Eu5Si3
mp-1190626,Hf2Rh
mp-1190768,LiSmSn
mp-1190809,Li8TeN2
mp-1190862,Sc2Pd
mp-1191015,LiNdSn
mp-1191159,LiPrSn
mp-1191331,Ti2Co
mp-1191877,LiGdSn
mp-1192002,LiHoSn
mp-1192210,LiDySn
mp-1194143,Sc11Ru4
mp-1195042,Sr19Li44
mp-1196316,Cr7C3
mp-1196981,Sc57Pt13
mp-1197547,Li15Pd4
mp-1197580,Li6Ca17Hg9
mp-1197932,Pr7Ru3
mp-1197997,Ho5Ir3
mp-1198712,Y5Ir3
mp-1199235,La5Ir3
mp-1199558,Sm5Ir3
mp-1200226,Dy5Ir3
mp-1200613,Y3C4
mp-1200708,Sc44Ir7
mp-1200885,Y4C7
mp-1200894,Zr3As
mp-1201266,Tb5Ir3
mp-1201760,Er5Ir3
mp-1202079,Ti21Mn25
mp-1202424,Li5La5(SiN3)4
mp-1202486,La7Ru3
mp-1202682,LiCa7(GeH)3
mp-1203605,Hf21Re25
mp-1204352,Y3Ga2
mp-12049,Nd2Sb
mp-1205021,Pr5Ir3
mp-1205878,LiLuGe
mp-1205941,LiTmGe
mp-1207024,Zr3Si2
mp-1207599,Yb2Si
mp-1207781,Y3Ru
mp-1207785,Y3Ir
mp-1208630,SrC6
mp-1209947,Sc44Ru7
mp-1210780,Li2Pr2Si3
mp-1210884,Li2Ce2Si3
mp-1211088,LiCaP
mp-1211143,LiEuP
mp-1211433,Li6Yb17Hg9
mp-1212499,Hf5Ir3
mp-1212961,Eu2N
mp-1213824,Ce4Ge3
mp-1213975,CaB4
mp-1214063,Ca5Rh
mp-1214417,BaC6
mp-1215377,Zr4O
mp-1216,YbO
mp-1216231,VW
mp-1216394,VCr
mp-1218044,Ta3Ru2
mp-122,Ba
mp-1221162,Nb19Fe20
mp-1222617,Li2ZnCu3
mp-1224388,Hf3N2
mp-123,Nd
mp-12305,Sc11Os4
mp-12317,SrCN2
mp-1232420,LiMg2Ir
mp-1235,TiIr
mp-1245,Sr2N
mp-12569,PrB4
mp-12645,LiHoO2
mp-12659,Mn2Nb
mp-1269,SmS
mp-12755,ThRh
mp-1278,Zr2Si
mp-129,Mo
mp-12906,Sr3CrN3
mp-13,Fe
mp-131,Zr
mp-13164,Ti2Pd
mp-13276,SrLiP
mp-13322,LiGeRh2
mp-1334,Y2C
mp-13474,LiErGe
mp-135,Li
mp-1352,ZrN
mp-1358,DyIr2
mp-13944,Li3AlN2
mp-13971,Nd2SeO2
mp-1409,TiNi3
mp-1410,DyN
mp-14208,LiYSi
mp-14209,LiYGe
mp-14210,LiGdGe
mp-1425,TiCr2
mp-1427,Lu2O3
mp-143,Tm
mp-1438,ZrIr3
mp-144,Ho
mp-145,Lu
mp-1458,Nb3Ir
mp-146,V
mp-1463,LaIr2
mp-1473,Fe7W6
mp-14753,Li7TaN4
mp-14763,Ca3MnN3
mp-14827,Li7NbN4
mp-1487,AlNi
mp-14871,Li16Ta2N8O
mp-1495,ErIr2
mp-1500,BaS
mp-1527,TbCu2
mp-1529,LuIr
mp-1542,YB2
mp-1545,Nb3Rh
mp-155,Gd
mp-1578,V3Rh
mp-15820,LiHoGe
mp-15821,LiNdGe
mp-15822,LiSmGe
mp-1584,YbIr2
mp-15845,SrLi4N2
mp-1601,TaRu
mp-16032,Pr2TeO2
mp-1607,YbCu5
mp-1610,TbS
mp-162,Yb
mp-16264,LiCaSb
mp-1632,NdB4
mp-1646,Li3Hg
mp-16514,Al3Ni5
mp-16705,Pr2O3
mp-16713,Pr2B5
mp-1689,HfRe2
mp-1694,Yb2Ge
mp-17190,Sc5Ge3
mp-17193,Ca3GeO
mp-1742,GdRh
mp-1748,NdS
mp-1761,LuIr2
mp-1767,Tm2O3
mp-1774,ErB2
mp-17751,Y5Ge3
mp-1777,Li15Ge4
mp-1779,YbTe
mp-1780,ScRh
mp-1808,Ti2Ni
mp-18189,LiTmSn
mp-18337,Be3N2
mp-1837,TbCu
mp-1845,CaBe13
mp-1865,UN
mp-1882,CaCu5
mp-1885,AlIr
mp-189,SiRu
mp-1915,Fe2B
mp-1934,LiZn
mp-1937,YbCu
mp-1949,TiMn2
mp-1960,Li2O
mp-1974,CeB4
mp-1975,TmN
mp-19830,ErN
mp-1989,Ta5Si3
mp-19923,GdAl2
mp-2006,V3Ir
mp-20084,GdRh2
mp-20211,Mn3Si
mp-20318,Mn2B
mp-20353,GdGa
mp-2057,DyB2
mp-20587,EuS
mp-20648,V2C
mp-2074,Li3Sb
mp-2080,SrBe13
mp-20857,CoB
mp-20874,EuB6
mp-20937,Cr3C2
mp-2108,Ti5Si3
mp-2114,YN
mp-2117,TbN
mp-2126,HfIr3
mp-21332,LiGdO2
mp-21394,EuO
mp-2154,CeP
mp-2157,Co3W
mp-21708,CeCu6
mp-218,Sm2O3
mp-2199,Fe3Si
mp-2235,YbRh2
mp-22447,Zr3P
mp-2251,Li3N
mp-2252,ScB2
mp-22600,Sc3P2
mp-2267,HoB2
mp-227,SmCu5
mp-2286,Li2Se
mp-22867,RbBr
mp-22898,KI
mp-22903,RbI
mp-2292,La2O3
mp-23,Ni
mp-23056,Sr2BrN
mp-23193,KCl
mp-2322,YAl2
mp-23222,Li3Bi
mp-23260,BaI2
mp-23295,RbCl
mp-2339,Ti3Pt
mp-2345,Dy2O3
mp-2350,LaS
mp-2367,LaC2
mp-23703,LiH
mp-23818,BaLiH3
mp-2384,LaP
mp-24153,LaH2
mp-242,SrB6
mp-24237,ScH2
mp-24286,ZrH2
mp-2432,CaMg2
mp-2454,TiFe2
mp-2493,CeN
mp-2495,PrS
mp-2509,ThRh3
mp-2517,Ca2Si
mp-2530,Li2Te
mp-2538,Y5Si3
mp-2542,BeO
mp-2545,YbHg
mp-2567,V3Si
mp-2572,SrMg2
mp-2576,Sr2Ge
mp-2583,TiRh
mp-259,AlMo3
mp-2593,AlNi3
mp-2599,NdN
mp-26,La
mp-2602,NdAs
mp-2605,CaO
mp-2652,Y2O3
mp-2665,PrRu2
mp-2686,Ca2N
mp-2698,YCu2
mp-2713,ErIr
mp-2719,DyB4
mp-2725,TbIr2
mp-27487,Li2ThN2
mp-2762,YIr2
mp-27797,Li4H4Rh
mp-2781,ScPd
mp-279,LiIr
mp-2797,YCu5
mp-28,Ce
mp-2801,CeCu2
mp-2823,NdP
mp-28255,LaHO
mp-2828,HfN
mp-28366,Gd2B5
mp-2847,ErB4
mp-2857,ScN
mp-28731,V6C5
mp-28861,CsC8
mp-28930,KC8
mp-28989,Li10BrN3
mp-29025,Li5Br2N
mp-29149,Li4NCl
mp-29210,Li2Ga
mp-29463,LiBeN
mp-29621,Ba5Bi3
mp-29720,Li21Si5
mp-2988,Li2GaRh
mp-29909,Ba4I6O
mp-30228,Li4HN
mp-304,Ca2Ge
mp-30428,BaCu
mp-30456,SrLiBi
mp-305,TiFe
mp-30522,Nd5Ir3
mp-30622,Dy5Ru2
mp-30735,Ho5Sn3
mp-30743,TmIr2
mp-30746,YIr
mp-30748,Zr3Ir
mp-30749,Zr5Ir3
mp-30816,Li2AlPd
mp-30818,Li2AlPt
mp-30821,LiAl2Rh
mp-30828,Sr2Pb
mp-30863,Sc57Rh13
mp-30867,ScRu
mp-31066,LiUN2
mp-31214,Ti3P
mp-31441,Li2GaIr
mp-31442,Li2InRh
mp-31468,LiCaN
mp-316,MnV
mp-3201,Li2GaPd
mp-3216,Li2ZrN2
mp-3236,Pr2SO2
mp-33,Ru
mp-3348,LiBIr
mp-343,PrN
mp-35,Mn
mp-3503,Li6WN4
mp-355,Nd5Si4
mp-364,AlRh
mp-37,Th
mp-3726,Li2GaPt
mp-377,LuRh
mp-37906,LiMgN
mp-3838,Li5ReN4
mp-419,YbB6
mp-44,U
mp-4495,KLiTe
mp-4511,La2SO2
mp-4604,Li7VN4
mp-4764,Pr2SeO2
mp-4805,Gd2SO2
mp-49,Os
mp-492,TiN
mp-50,Ta
mp-5001,Li3BN2
mp-504790,LiYSn
mp-504886,Gd2O3
mp-505002,Sc5As3
mp-510184,GdOs2
mp-510401,GdP
mp-510402,GdS
mp-510430,Li13In3
mp-530262,Li15Cr2N9
mp-54,Co
mp-541365,LiEuH3
mp-542435,Li3ScN2
mp-542583,EuTe
mp-542830,Mn23C6
mp-544,Ti3Ir
mp-5459,Nd2TeO2
mp-548,NbCr2
mp-5515,Li7MnN4
mp-554098,Ti6O
mp-567089,YbRh
mp-567219,Li4Ca3(SiN3)2
mp-567290,LaN
mp-567339,PrOs2
mp-567395,Li15Au4
mp-567412,Y5Sn3
mp-567415,Nd2B5
mp-567490,Hf5Re24
mp-567538,YbCu2
mp-567590,LuOs2
mp-567612,ScOs2
mp-567735,Nd5Si3
mp-567744,SrBr2
mp-567750,ScRu2
mp-568143,TmB4
mp-568151,Ti5Ge3
mp-568186,YRu2
mp-568225,TbB4
mp-568322,Sr3Li3(NiN)4
mp-568404,Li9Al4
mp-568623,Sc44Os7
mp-568630,LuRu2
mp-568643,RbC8
mp-568646,Ta3Si
mp-568671,V5Si3
mp-568992,ZrIr
mp-569025,Ba19Na29Li13
mp-569220,ErRu2
mp-569281,HoB4
mp-569501,LiCaBi
mp-569630,NdOs2
mp-569782,Sr2LiCBr3N2
mp-570007,SmOs2
mp-570097,Sr(Li2P)2
mp-570175,Ce5Si3
mp-570421,Sm2B5
mp-570438,Yb8Tl3
mp-570466,Li2Ca
mp-570670,YOs2
mp-570684,ZrOs2
mp-570935,LiI
mp-571109,Li2Nd2Si3
mp-571222,CsBr
mp-571262,CaRh2
mp-571495,LuB4
mp-571664,Zr2Rh
mp-573471,Li17Sn4
mp-573697,CsCl
mp-574275,Li17Pb4
mp-583740,Zr7P4
mp-5840,LiScO2
mp-585949,CaCu
mp-600561,LiRh
mp-605839,Li2B2Rh3
mp-608,TiCo3
mp-614603,CsI
mp-623108,Eu4Ir
mp-625,Mg3Ru2
mp-637,YB4
mp-643,ThO2
mp-645,TbP
mp-646926,GdRu2
mp-650,Be5Pd
mp-661,AlN
mp-669917,ZrRh
mp-67,Sc
mp-674456,Zr10HN8
mp-675941,Li7IN2
mp-679,Er2O3
mp-6799,LiCa4(BN2)3
mp-680653,Yb8In3
mp-683,Pr2C3
mp-686129,Li5TiN3
mp-686208,Li5SiN3
mp-69,Sm
mp-697179,ZrH
mp-7020,LiYO2
mp-708,LaAs
mp-7084,SrCaSi
mp-710,SmP
mp-7137,LiTbO2
mp-72,Ti
mp-723,Cr23C6
mp-7250,Nb6Co7
mp-729,Cr3Si
mp-7342,Sm3Ir
mp-736,Li3P
mp-7396,Li3Tl
mp-749,SmN
mp-75,Nb
mp-754237,LiTmO2
mp-754605,LiLuO2
mp-757,Li3As
mp-759,La2Sb
mp-771,MnAl
mp-772185,Li6Hf2O7
mp-7756,SrLiSb
mp-7822,Sc5Si3
mp-800,TmB2
mp-812,Ho2O3
mp-8181,Li2CeN2
mp-823,TiCo
mp-8282,Ti2N
mp-834,ThN
mp-8365,MnB
mp-8405,Li3LaSb2
mp-8406,Li3NdAs2
mp-8407,Li3LaP2
mp-8481,LiPrGe
mp-8546,SmB4
mp-861616,LiSc2Ir
mp-861666,LiRu2W
mp-861875,LiHf2Re
mp-861893,Li2LaPb
mp-861894,Li2LaSn
mp-861915,LiDy2Ir
mp-861947,LiPm2Ga
mp-861948,LiPm2Al
mp-861951,LiTaRh2
mp-861954,LiTaRu2
mp-861955,LiPm2Ge
mp-861956,LiPm2Ir
mp-861963,LiLu2Os
mp-861964,LiLu2Ir
mp-862297,LiAlRh2
mp-862318,LiAl2Ni
mp-862377,LiBe2Ir
mp-862554,LiEr2Ir
mp-862555,LiY2Al
mp-862558,LiEr2Os
mp-862610,LiHfIr2
mp-862614,LiTm2Ru
mp-862655,Ru3W
mp-862658,LiCu3
mp-862661,LiEr2Ru
mp-862673,LiY2Ru
mp-862684,LiHf2Os
mp-862685,LiAc2Ir
mp-862686,LiAc2Ru
mp-862714,Be3Ir
mp-862719,LiY2Os
mp-862746,Sr2LiTl
mp-862764,LiCa2Rh
mp-862765,LiGd2Ir
mp-862841,LiPm2Os
mp-862842,LiPm2Pt
mp-862887,LiSc2Os
mp-862929,Li2PmAl
mp-862930,Li2PmIn
mp-862934,Li2PmTl
mp-862935,Li2PmSn
mp-862980,PmAl3
mp-863673,LiPm2Rh
mp-863675,LiPm2Ru
mp-863697,LiPm2Si
mp-863727,LiTiRh2
mp-864601,LiMg2Rh
mp-864614,LiMg2Pt
mp-864631,LiNbRh2
mp-864647,Hf2N
mp-864675,Yb3N2
mp-864759,LiYb2Ir
mp-864763,LiYb2Rh
mp-864769,LiYb2Tl
mp-864772,LiSc2Au
mp-864930,LiTiIr2
mp-864984,MnV3
mp-865,CaB6
mp-865029,LiPaRu2
mp-865349,Li2GdTl
mp-865444,LiSc2Pt
mp-865483,Li2GdIn
mp-865580,Li2DyIn
mp-865622,Li2HoIn
mp-865715,Li2PrTl
mp-865793,LiSc2Rh
mp-865795,LiSc2Ru
mp-865838,LiSiRu2
mp-865867,Li2YTl
mp-865868,LiZrRh2
mp-865870,LiZr2Os
mp-865882,Li2SmIn
mp-865892,Li2CaPb
mp-865893,LiZr2Tc
mp-865912,LiZn2Rh
mp-865925,LiZrIr2
mp-865933,LiSiIr2
mp-865934,YbF2
mp-865936,LiSc2Tc
mp-865959,LiHo2Ru
mp-865964,Li2CaSn
mp-865965,Li2CaSi
mp-866058,LiGd2Ru
mp-866134,VFe3
mp-866141,TiFe2Si
mp-866150,LiSm2Os
mp-866179,Li2NdTl
mp-866180,Li2YbPb
mp-866181,Li2NdIn
mp-866191,Li2YbSi
mp-866192,Li2YbSn
mp-866193,Li2LaIn
mp-866195,Li2LaTl
mp-866196,Li2PrIn
mp-866200,Li2SmTl
mp-866669,Sr17(Li2Hg3)3
mp-867111,LiDy2Ru
mp-867148,LiHfRh2
mp-867162,LiTm2Rh
mp-867167,LiCa2Tl
mp-867171,SrLi2Sn
mp-867174,SrLi2Pb
mp-867197,LiGaNi2
mp-867200,Pm
mp-867211,LiCa2In
mp-867220,LiTm2Ir
mp-867227,Li3Pt
mp-867235,LiY2Ir
mp-867252,LiZn2Ni
mp-867253,LiZn2Ir
mp-867262,ScTc3
mp-867265,LiTm2Os
mp-867269,LiHo2Os
mp-867272,LiAlCu2
mp-867285,LiTb2Ir
mp-867293,LiCo2Si
mp-867474,Li2EuSn
mp-867776,LiDy2Os
mp-867805,LiCa2Ga
mp-867812,LiAlNi2
mp-867813,LiLa2Os
mp-867816,TaRu3
mp-867829,LiVRh2
mp-867883,La3Pb
mp-867902,LiSiRh2
mp-867913,LiHo2Ir
mp-867927,LiVIr2
mp-87,Be
mp-8804,Li6MoN4
mp-890,NdIr2
mp-892,ScPt
mp-893,ZrSi
mp-90,Cr
mp-91,W
mp-9244,LiBC
mp-928,HoIr2
mp-9325,Sr3MnN3
mp-940,GdN
mp-9459,Y4C5
mp-946,PrIr2
mp-954,BaB6
mp-9610,Li2CN2
mp-965,TbB2
mp-969,YbAl2
mp-972256,Xe
mp-9723,Sr4Li(BN2)3
mp-975904,Li3Cd
mp-976280,LiBr
mp-976408,Li3Ag
mp-976726,LiDyO2
mp-977380,LiMg2Pd
mp-977390,Ta3Ru
mp-977393,LiLu2Ru
mp-977405,LiLu2Rh
mp-977426,NbCo3
mp-977561,LiTaIr2
mp-977563,LiNbIr2
mp-980757,Sm5Sb3
mp-980769,SmCu
mp-981,SrF2
mp-981935,Li5Mg
mp-983444,LiPmZn2
mp-983460,Li2PmGa
mp-984635,LiErSn
mp-99,Er
mp-994,YP
mp-995,EuIr2
mp-9967,NdSi
mp-9968,PrSi
